config_id,category,parameter,expected_value,actual_value,is_compliant,is_vulnerable,severity,cis_reference,timestamp,source
SSH-0001,SSH,PermitRootLogin,no,yes,False,True,CRITICAL,CIS-5.2.8,2026-02-22,
SSH-0001,SSH,PasswordAuthentication,no,yes,False,True,HIGH,CIS-5.2.10,2026-02-22,
SSH-0001,SSH,PermitEmptyPasswords,no,yes,False,True,CRITICAL,CIS-5.2.9,2026-02-22,
SSH-0002,SSH,PermitRootLogin,no,yes,False,True,CRITICAL,CIS-5.2.8,2026-02-13,
SSH-0002,SSH,PasswordAuthentication,no,yes,False,True,HIGH,CIS-5.2.10,2026-02-13,
SSH-0002,SSH,PermitEmptyPasswords,no,no,True,False,NONE,CIS-5.2.9,2026-02-13,
SSH-0003,SSH,PermitRootLogin,no,yes,False,True,CRITICAL,CIS-5.2.8,2026-02-09,
SSH-0003,SSH,PasswordAuthentication,no,no,True,False,NONE,CIS-5.2.10,2026-02-09,
SSH-0003,SSH,PermitEmptyPasswords,no,yes,False,True,CRITICAL,CIS-5.2.9,2026-02-09,
SSH-0004,SSH,PermitRootLogin,no,yes,False,True,CRITICAL,CIS-5.2.8,2026-02-05,
SSH-0004,SSH,PasswordAuthentication,no,no,True,False,NONE,CIS-5.2.10,2026-02-05,
SSH-0004,SSH,PermitEmptyPasswords,no,no,True,False,NONE,CIS-5.2.9,2026-02-05,
SSH-0005,SSH,PermitRootLogin,no,no,True,False,NONE,CIS-5.2.8,2026-02-16,
SSH-0005,SSH,PasswordAuthentication,no,yes,False,True,HIGH,CIS-5.2.10,2026-02-16,
SSH-0005,SSH,PermitEmptyPasswords,no,yes,False,True,CRITICAL,CIS-5.2.9,2026-02-16,
SSH-0006,SSH,PermitRootLogin,no,no,True,False,NONE,CIS-5.2.8,2026-02-26,
SSH-0006,SSH,PasswordAuthentication,no,yes,False,True,HIGH,CIS-5.2.10,2026-02-26,
SSH-0006,SSH,PermitEmptyPasswords,no,no,True,False,NONE,CIS-5.2.9,2026-02-26,
SSH-0007,SSH,PermitRootLogin,no,no,True,False,NONE,CIS-5.2.8,2026-02-03,
SSH-0007,SSH,PasswordAuthentication,no,no,True,False,NONE,CIS-5.2.10,2026-02-03,
SSH-0007,SSH,PermitEmptyPasswords,no,yes,False,True,CRITICAL,CIS-5.2.9,2026-02-03,
SSH-0008,SSH,PermitRootLogin,no,no,True,False,NONE,CIS-5.2.8,2026-02-07,
SSH-0008,SSH,PasswordAuthentication,no,no,True,False,NONE,CIS-5.2.10,2026-02-07,
SSH-0008,SSH,PermitEmptyPasswords,no,no,True,False,NONE,CIS-5.2.9,2026-02-07,
PERM-0001,FILE_PERMISSIONS,/etc/passwd,644,644,True,False,NONE,CIS-6.1.2,2026-02-06,
PERM-0002,FILE_PERMISSIONS,/etc/passwd,644,666,False,True,CRITICAL,CIS-6.1.2,2026-02-05,
PERM-0003,FILE_PERMISSIONS,/etc/passwd,644,777,False,True,CRITICAL,CIS-6.1.2,2026-02-07,
PERM-0004,FILE_PERMISSIONS,/etc/shadow,640,640,True,False,NONE,CIS-6.1.3,2026-02-27,
PERM-0005,FILE_PERMISSIONS,/etc/shadow,640,644,False,True,HIGH,CIS-6.1.3,2026-02-03,
PERM-0006,FILE_PERMISSIONS,/etc/shadow,640,777,False,True,CRITICAL,CIS-6.1.3,2026-02-21,
BASELINE-os_spec,HARDENING,BASELINE-os_spec,secure,secure,True,False,MEDIUM,External,2026-02-16,linux-baseline
BASELINE-package_spec,HARDENING,BASELINE-package_spec,secure,secure,True,False,MEDIUM,External,2026-02-16,linux-baseline
BASELINE-sysctl_spec,HARDENING,BASELINE-sysctl_spec,secure,secure,True,False,MEDIUM,External,2026-02-16,linux-baseline
DEB-CIS-disable_rds,CIS,DEB-CIS-disable_rds,secure,secure,True,False,HIGH,External,2026-02-16,debian-cis
DEB-CIS-password_dictcheck_enabled,CIS,DEB-CIS-password_dictcheck_enabled,secure,secure,True,False,HIGH,External,2026-02-16,debian-cis
DEB-CIS-ssh_cry_rekey,CIS,DEB-CIS-ssh_cry_rekey,secure,secure,True,False,HIGH,External,2026-02-16,debian-cis
DEB-CIS-bootloader_ownership,CIS,DEB-CIS-bootloader_ownership,secure,secure,True,False,HIGH,External,2026-02-16,debian-cis
DEB-CIS-ssh_disable_features,CIS,DEB-CIS-ssh_disable_features,secure,secure,True,False,HIGH,External,2026-02-16,debian-cis
DEB-CIS-audit_log_perms,CIS,DEB-CIS-audit_log_perms,secure,secure,True,False,HIGH,External,2026-02-16,debian-cis
DEB-CIS-sshd_loglevel,CIS,DEB-CIS-sshd_loglevel,secure,secure,True,False,HIGH,External,2026-02-16,debian-cis
DEB-CIS-record_login_logout,CIS,DEB-CIS-record_login_logout,secure,secure,True,False,HIGH,External,2026-02-16,debian-cis
DEB-CIS-password_quality_enforced_for_root,CIS,DEB-CIS-password_quality_enforced_for_root,secure,secure,True,False,HIGH,External,2026-02-16,debian-cis
DEB-CIS-disable_imap_pop,CIS,DEB-CIS-disable_imap_pop,secure,secure,True,False,HIGH,External,2026-02-16,debian-cis
DEB-CIS-users_homedir_exist,CIS,DEB-CIS-users_homedir_exist,secure,secure,True,False,HIGH,External,2026-02-16,debian-cis
DEB-CIS-enable_cron,CIS,DEB-CIS-enable_cron,secure,secure,True,False,HIGH,External,2026-02-16,debian-cis
DEB-CIS-sticky_bit_world_writable_folder,CIS,DEB-CIS-sticky_bit_world_writable_folder,secure,secure,True,False,HIGH,External,2026-02-16,debian-cis
DEB-CIS-disable_usb_devices,CIS,DEB-CIS-disable_usb_devices,secure,secure,True,False,HIGH,External,2026-02-16,debian-cis
DEB-CIS-sshd_login_grace_time,CIS,DEB-CIS-sshd_login_grace_time,secure,secure,True,False,HIGH,External,2026-02-16,debian-cis
DEB-CIS-password_last_change_past,CIS,DEB-CIS-password_last_change_past,secure,secure,True,False,HIGH,External,2026-02-16,debian-cis
DEB-CIS-find_passwd_group_inconsistencies,CIS,DEB-CIS-find_passwd_group_inconsistencies,secure,secure,True,False,HIGH,External,2026-02-16,debian-cis
DEB-CIS-etc_gshadow-_permissions,CIS,DEB-CIS-etc_gshadow-_permissions,secure,secure,True,False,HIGH,External,2026-02-16,debian-cis
DEB-CIS-pam_pwhistory_enabled,CIS,DEB-CIS-pam_pwhistory_enabled,secure,secure,True,False,HIGH,External,2026-02-16,debian-cis
DEB-CIS-sshd_ciphers,CIS,DEB-CIS-sshd_ciphers,secure,secure,True,False,HIGH,External,2026-02-16,debian-cis
DEB-CIS-find_user_netrc_files,CIS,DEB-CIS-find_user_netrc_files,secure,secure,True,False,HIGH,External,2026-02-16,debian-cis
DEB-CIS-libpam_runtime_is_version,CIS,DEB-CIS-libpam_runtime_is_version,secure,secure,True,False,HIGH,External,2026-02-16,debian-cis
DEB-CIS-etc_passwd_accounts_use_shadow,CIS,DEB-CIS-etc_passwd_accounts_use_shadow,secure,secure,True,False,HIGH,External,2026-02-16,debian-cis
DEB-CIS-enable_sshd_ignorerhosts,CIS,DEB-CIS-enable_sshd_ignorerhosts,secure,secure,True,False,HIGH,External,2026-02-16,debian-cis
DEB-CIS-enable_auditd_kernel,CIS,DEB-CIS-enable_auditd_kernel,secure,secure,True,False,HIGH,External,2026-02-16,debian-cis
DEB-CIS-sudo_auth_timeout,CIS,DEB-CIS-sudo_auth_timeout,secure,secure,True,False,HIGH,External,2026-02-16,debian-cis
DEB-CIS-acc_sudoers_no_all,CIS,DEB-CIS-acc_sudoers_no_all,secure,secure,True,False,HIGH,External,2026-02-16,debian-cis
DEB-CIS-remove_legacy_group_entries,CIS,DEB-CIS-remove_legacy_group_entries,secure,secure,True,False,HIGH,External,2026-02-16,debian-cis
DEB-CIS-check_duplicate_username,CIS,DEB-CIS-check_duplicate_username,secure,secure,True,False,HIGH,External,2026-02-16,debian-cis
DEB-CIS-bootloader_password,CIS,DEB-CIS-bootloader_password,secure,secure,True,False,HIGH,External,2026-02-16,debian-cis
DEB-CIS-logs_permissions,CIS,DEB-CIS-logs_permissions,secure,secure,True,False,HIGH,External,2026-02-16,debian-cis
DEB-CIS-ufw_default_deny,CIS,DEB-CIS-ufw_default_deny,secure,secure,True,False,HIGH,External,2026-02-16,debian-cis
DEB-CIS-pam_use_authtok_enabled,CIS,DEB-CIS-pam_use_authtok_enabled,secure,secure,True,False,HIGH,External,2026-02-16,debian-cis
DEB-CIS-audit_conf_owner,CIS,DEB-CIS-audit_conf_owner,secure,secure,True,False,HIGH,External,2026-02-16,debian-cis
DEB-CIS-journald_log_file_access,CIS,DEB-CIS-journald_log_file_access,secure,secure,True,False,HIGH,External,2026-02-16,debian-cis
DEB-CIS-disable_jffs2,CIS,DEB-CIS-disable_jffs2,secure,secure,True,False,HIGH,External,2026-02-16,debian-cis
DEB-CIS-disable_http_proxy,CIS,DEB-CIS-disable_http_proxy,secure,secure,True,False,HIGH,External,2026-02-16,debian-cis
DEB-CIS-record_privileged_commands,CIS,DEB-CIS-record_privileged_commands,secure,secure,True,False,HIGH,External,2026-02-16,debian-cis
DEB-CIS-gdm_disable_user_list,CIS,DEB-CIS-gdm_disable_user_list,secure,secure,True,False,HIGH,External,2026-02-16,debian-cis
DEB-CIS-var_nosuid,CIS,DEB-CIS-var_nosuid,secure,secure,True,False,HIGH,External,2026-02-16,debian-cis
DEB-CIS-logrotate_permissions,CIS,DEB-CIS-logrotate_permissions,secure,secure,True,False,HIGH,External,2026-02-16,debian-cis
DEB-CIS-disable_telnet_server,CIS,DEB-CIS-disable_telnet_server,secure,secure,True,False,HIGH,External,2026-02-16,debian-cis
DEB-CIS-nftables_loopback_is_configured,CIS,DEB-CIS-nftables_loopback_is_configured,secure,secure,True,False,HIGH,External,2026-02-16,debian-cis
DEB-CIS-audit_confs_perms,CIS,DEB-CIS-audit_confs_perms,secure,secure,True,False,HIGH,External,2026-02-16,debian-cis
DEB-CIS-motd_perms,CIS,DEB-CIS-motd_perms,secure,secure,True,False,HIGH,External,2026-02-16,debian-cis
DEB-CIS-etc_issue_perms,CIS,DEB-CIS-etc_issue_perms,secure,secure,True,False,HIGH,External,2026-02-16,debian-cis
DEB-CIS-gdm_is_removed,CIS,DEB-CIS-gdm_is_removed,secure,secure,True,False,HIGH,External,2026-02-16,debian-cis
DEB-CIS-find_0_uid_non_root_account,CIS,DEB-CIS-find_0_uid_non_root_account,secure,secure,True,False,HIGH,External,2026-02-16,debian-cis
DEB-CIS-ssh_cry_kex,CIS,DEB-CIS-ssh_cry_kex,secure,secure,True,False,HIGH,External,2026-02-16,debian-cis
DEB-CIS-find_user_forward_files,CIS,DEB-CIS-find_user_forward_files,secure,secure,True,False,HIGH,External,2026-02-16,debian-cis
DEB-CIS-disable_xwindow_system,CIS,DEB-CIS-disable_xwindow_system,secure,secure,True,False,HIGH,External,2026-02-16,debian-cis
DEB-CIS-cron_weekly_perm_ownership,CIS,DEB-CIS-cron_weekly_perm_ownership,secure,secure,True,False,HIGH,External,2026-02-16,debian-cis
DEB-CIS-libpam_modules_is_installed,CIS,DEB-CIS-libpam_modules_is_installed,secure,secure,True,False,HIGH,External,2026-02-16,debian-cis
DEB-CIS-hosts_allow,CIS,DEB-CIS-hosts_allow,secure,secure,True,False,HIGH,External,2026-02-16,debian-cis
DEB-CIS-check_duplicate_uid,CIS,DEB-CIS-check_duplicate_uid,secure,secure,True,False,HIGH,External,2026-02-16,debian-cis
DEB-CIS-etc_gshadow_permissions,CIS,DEB-CIS-etc_gshadow_permissions,secure,secure,True,False,HIGH,External,2026-02-16,debian-cis
DEB-CIS-tripwire_cron,CIS,DEB-CIS-tripwire_cron,secure,secure,True,False,HIGH,External,2026-02-16,debian-cis
DEB-CIS-etc_shadow_permissions,CIS,DEB-CIS-etc_shadow_permissions,secure,secure,True,False,HIGH,External,2026-02-16,debian-cis
DEB-CIS-pam_unix_remember_absent,CIS,DEB-CIS-pam_unix_remember_absent,secure,secure,True,False,HIGH,External,2026-02-16,debian-cis
DEB-CIS-var_tmp_noexec,CIS,DEB-CIS-var_tmp_noexec,secure,secure,True,False,HIGH,External,2026-02-16,debian-cis
DEB-CIS-disable_ip_forwarding,CIS,DEB-CIS-disable_ip_forwarding,secure,secure,True,False,HIGH,External,2026-02-16,debian-cis
DEB-CIS-ufw_not_installed_with_iptables,CIS,DEB-CIS-ufw_not_installed_with_iptables,secure,secure,True,False,HIGH,External,2026-02-16,debian-cis
DEB-CIS-sshd_idle_timeout,CIS,DEB-CIS-sshd_idle_timeout,secure,secure,True,False,HIGH,External,2026-02-16,debian-cis
DEB-CIS-removable_device_nodev,CIS,DEB-CIS-removable_device_nodev,secure,secure,True,False,HIGH,External,2026-02-16,debian-cis
DEB-CIS-cron_daily_perm_ownership,CIS,DEB-CIS-cron_daily_perm_ownership,secure,secure,True,False,HIGH,External,2026-02-16,debian-cis
DEB-CIS-record_sudo_usage,CIS,DEB-CIS-record_sudo_usage,secure,secure,True,False,HIGH,External,2026-02-16,debian-cis
DEB-CIS-enable_syslog-ng,CIS,DEB-CIS-enable_syslog-ng,secure,secure,True,False,HIGH,External,2026-02-16,debian-cis
DEB-CIS-tmp_nodev,CIS,DEB-CIS-tmp_nodev,secure,secure,True,False,HIGH,External,2026-02-16,debian-cis
DEB-CIS-tmp_noexec,CIS,DEB-CIS-tmp_noexec,secure,secure,True,False,HIGH,External,2026-02-16,debian-cis
DEB-CIS-ptrace_scope_is_restricted,CIS,DEB-CIS-ptrace_scope_is_restricted,secure,secure,True,False,HIGH,External,2026-02-16,debian-cis
DEB-CIS-restrict_su,CIS,DEB-CIS-restrict_su,secure,secure,True,False,HIGH,External,2026-02-16,debian-cis
DEB-CIS-disable_squashfs,CIS,DEB-CIS-disable_squashfs,secure,secure,True,False,HIGH,External,2026-02-16,debian-cis
DEB-CIS-ip6tables_default_deny_policy,CIS,DEB-CIS-ip6tables_default_deny_policy,secure,secure,True,False,HIGH,External,2026-02-16,debian-cis
DEB-CIS-crontab_perm_ownership,CIS,DEB-CIS-crontab_perm_ownership,secure,secure,True,False,HIGH,External,2026-02-16,debian-cis
DEB-CIS-use_time_sync,CIS,DEB-CIS-use_time_sync,secure,secure,True,False,HIGH,External,2026-02-16,debian-cis
DEB-CIS-cron_monthly_perm_ownership,CIS,DEB-CIS-cron_monthly_perm_ownership,secure,secure,True,False,HIGH,External,2026-02-16,debian-cis
DEB-CIS-mta_localhost,CIS,DEB-CIS-mta_localhost,secure,secure,True,False,HIGH,External,2026-02-16,debian-cis
DEB-CIS-grub_cfg_permissions,CIS,DEB-CIS-grub_cfg_permissions,secure,secure,True,False,HIGH,External,2026-02-16,debian-cis
DEB-CIS-disable_print_server,CIS,DEB-CIS-disable_print_server,secure,secure,True,False,HIGH,External,2026-02-16,debian-cis
DEB-CIS-disable_snmp_server,CIS,DEB-CIS-disable_snmp_server,secure,secure,True,False,HIGH,External,2026-02-16,debian-cis
DEB-CIS-disable_system_accounts,CIS,DEB-CIS-disable_system_accounts,secure,secure,True,False,HIGH,External,2026-02-16,debian-cis
DEB-CIS-password_unlock_time,CIS,DEB-CIS-password_unlock_time,secure,secure,True,False,HIGH,External,2026-02-16,debian-cis
DEB-CIS-iptables_rules_them_all,CIS,DEB-CIS-iptables_rules_them_all,secure,secure,True,False,HIGH,External,2026-02-16,debian-cis
DEB-CIS-install_updates,CIS,DEB-CIS-install_updates,secure,secure,True,False,HIGH,External,2026-02-16,debian-cis
DEB-CIS-install_tcp_wrapper,CIS,DEB-CIS-install_tcp_wrapper,secure,secure,True,False,HIGH,External,2026-02-16,debian-cis
DEB-CIS-disable_cramfs,CIS,DEB-CIS-disable_cramfs,secure,secure,True,False,HIGH,External,2026-02-16,debian-cis
DEB-CIS-audit_tools_owner,CIS,DEB-CIS-audit_tools_owner,secure,secure,True,False,HIGH,External,2026-02-16,debian-cis
DEB-CIS-etc_passwd_groups_in_etc_group,CIS,DEB-CIS-etc_passwd_groups_in_etc_group,secure,secure,True,False,HIGH,External,2026-02-16,debian-cis
DEB-CIS-record_successful_mount,CIS,DEB-CIS-record_successful_mount,secure,secure,True,False,HIGH,External,2026-02-16,debian-cis
DEB-CIS-disable_ssh_allow_tcp_forwarding,CIS,DEB-CIS-disable_ssh_allow_tcp_forwarding,secure,secure,True,False,HIGH,External,2026-02-16,debian-cis
DEB-CIS-acc_logindefs_sha512,CIS,DEB-CIS-acc_logindefs_sha512,secure,secure,True,False,HIGH,External,2026-02-16,debian-cis
DEB-CIS-enable_source_route_validation,CIS,DEB-CIS-enable_source_route_validation,secure,secure,True,False,HIGH,External,2026-02-16,debian-cis
DEB-CIS-remove_os_info_issue,CIS,DEB-CIS-remove_os_info_issue,secure,secure,True,False,HIGH,External,2026-02-16,debian-cis
DEB-CIS-password_history_remember,CIS,DEB-CIS-password_history_remember,secure,secure,True,False,HIGH,External,2026-02-16,debian-cis
DEB-CIS-default_timeout,CIS,DEB-CIS-default_timeout,secure,secure,True,False,HIGH,External,2026-02-16,debian-cis
DEB-CIS-systemd_journal_remote_is_installed,CIS,DEB-CIS-systemd_journal_remote_is_installed,secure,secure,True,False,HIGH,External,2026-02-16,debian-cis
DEB-CIS-disable_ldap_client,CIS,DEB-CIS-disable_ldap_client,secure,secure,True,False,HIGH,External,2026-02-16,debian-cis
DEB-CIS-pam_unix_nullok_absent,CIS,DEB-CIS-pam_unix_nullok_absent,secure,secure,True,False,HIGH,External,2026-02-16,debian-cis
DEB-CIS-etc_security_opasswd_permissions,CIS,DEB-CIS-etc_security_opasswd_permissions,secure,secure,True,False,HIGH,External,2026-02-16,debian-cis
DEB-CIS-issue_no_os_info,CIS,DEB-CIS-issue_no_os_info,secure,secure,True,False,HIGH,External,2026-02-16,debian-cis
DEB-CIS-remove_legacy_shadow_entries,CIS,DEB-CIS-remove_legacy_shadow_entries,secure,secure,True,False,HIGH,External,2026-02-16,debian-cis
DEB-CIS-systemd_journal_remote_is_disabled,CIS,DEB-CIS-systemd_journal_remote_is_disabled,secure,secure,True,False,HIGH,External,2026-02-16,debian-cis
DEB-CIS-ssh_strict_modes,CIS,DEB-CIS-ssh_strict_modes,secure,secure,True,False,HIGH,External,2026-02-16,debian-cis
DEB-CIS-ufw_rules_them_all,CIS,DEB-CIS-ufw_rules_them_all,secure,secure,True,False,HIGH,External,2026-02-16,debian-cis
DEB-CIS-ufw_outbound_connection,CIS,DEB-CIS-ufw_outbound_connection,secure,secure,True,False,HIGH,External,2026-02-16,debian-cis
DEB-CIS-password_consecutive_characters,CIS,DEB-CIS-password_consecutive_characters,secure,secure,True,False,HIGH,External,2026-02-16,debian-cis
DEB-CIS-run_shm_nosuid,CIS,DEB-CIS-run_shm_nosuid,secure,secure,True,False,HIGH,External,2026-02-16,debian-cis
DEB-CIS-set_perm_on_user_netrc,CIS,DEB-CIS-set_perm_on_user_netrc,secure,secure,True,False,HIGH,External,2026-02-16,debian-cis
DEB-CIS-lock_inactive_user_account,CIS,DEB-CIS-lock_inactive_user_account,secure,secure,True,False,HIGH,External,2026-02-16,debian-cis
DEB-CIS-password_min_length,CIS,DEB-CIS-password_min_length,secure,secure,True,False,HIGH,External,2026-02-16,debian-cis
DEB-CIS-password_root_unlock,CIS,DEB-CIS-password_root_unlock,secure,secure,True,False,HIGH,External,2026-02-16,debian-cis
DEB-CIS-etc_shadow-_permissions,CIS,DEB-CIS-etc_shadow-_permissions,secure,secure,True,False,HIGH,External,2026-02-16,debian-cis
DEB-CIS-nftables_has_base_chains,CIS,DEB-CIS-nftables_has_base_chains,secure,secure,True,False,HIGH,External,2026-02-16,debian-cis
DEB-CIS-home_nosuid,CIS,DEB-CIS-home_nosuid,secure,secure,True,False,HIGH,External,2026-02-16,debian-cis
DEB-CIS-enable_randomized_vm_placement,CIS,DEB-CIS-enable_randomized_vm_placement,secure,secure,True,False,HIGH,External,2026-02-16,debian-cis
DEB-CIS-restrict_core_dumps,CIS,DEB-CIS-restrict_core_dumps,secure,secure,True,False,HIGH,External,2026-02-16,debian-cis
DEB-CIS-rpcbind_is_disabled,CIS,DEB-CIS-rpcbind_is_disabled,secure,secure,True,False,HIGH,External,2026-02-16,debian-cis
DEB-CIS-root_umask,CIS,DEB-CIS-root_umask,secure,secure,True,False,HIGH,External,2026-02-16,debian-cis
DEB-CIS-find_user_rhosts_files,CIS,DEB-CIS-find_user_rhosts_files,secure,secure,True,False,HIGH,External,2026-02-16,debian-cis
DEB-CIS-ftp_client_not_installed,CIS,DEB-CIS-ftp_client_not_installed,secure,secure,True,False,HIGH,External,2026-02-16,debian-cis
DEB-CIS-disable_xinetd,CIS,DEB-CIS-disable_xinetd,secure,secure,True,False,HIGH,External,2026-02-16,debian-cis
DEB-CIS-syslog_ng_logfiles_perm,CIS,DEB-CIS-syslog_ng_logfiles_perm,secure,secure,True,False,HIGH,External,2026-02-16,debian-cis
DEB-CIS-install_syslog-ng,CIS,DEB-CIS-install_syslog-ng,secure,secure,True,False,HIGH,External,2026-02-16,debian-cis
DEB-CIS-nftables_has_table,CIS,DEB-CIS-nftables_has_table,secure,secure,True,False,HIGH,External,2026-02-16,debian-cis
DEB-CIS-ssh_host_public_keys_perm_ownership,CIS,DEB-CIS-ssh_host_public_keys_perm_ownership,secure,secure,True,False,HIGH,External,2026-02-16,debian-cis
DEB-CIS-journald_logs,CIS,DEB-CIS-journald_logs,secure,secure,True,False,HIGH,External,2026-02-16,debian-cis
DEB-CIS-package_manager_is_configured,CIS,DEB-CIS-package_manager_is_configured,secure,secure,True,False,HIGH,External,2026-02-16,debian-cis
DEB-CIS-home_nodev,CIS,DEB-CIS-home_nodev,secure,secure,True,False,HIGH,External,2026-02-16,debian-cis
DEB-CIS-motd_no_os_info,CIS,DEB-CIS-motd_no_os_info,secure,secure,True,False,HIGH,External,2026-02-16,debian-cis
DEB-CIS-remove_empty_password_field,CIS,DEB-CIS-remove_empty_password_field,secure,secure,True,False,HIGH,External,2026-02-16,debian-cis
DEB-CIS-ssh_sys_no_legacy,CIS,DEB-CIS-ssh_sys_no_legacy,secure,secure,True,False,HIGH,External,2026-02-16,debian-cis
DEB-CIS-check_duplicate_gid,CIS,DEB-CIS-check_duplicate_gid,secure,secure,True,False,HIGH,External,2026-02-16,debian-cis
DEB-CIS-remove_legacy_passwd_entries,CIS,DEB-CIS-remove_legacy_passwd_entries,secure,secure,True,False,HIGH,External,2026-02-16,debian-cis
DEB-CIS-bluetooth_is_disabled,CIS,DEB-CIS-bluetooth_is_disabled,secure,secure,True,False,HIGH,External,2026-02-16,debian-cis
DEB-CIS-hosts_deny_permissions,CIS,DEB-CIS-hosts_deny_permissions,secure,secure,True,False,HIGH,External,2026-02-16,debian-cis
DEB-CIS-aide_daily_check,CIS,DEB-CIS-aide_daily_check,secure,secure,True,False,HIGH,External,2026-02-16,debian-cis
DEB-CIS-disable_freevxfs,CIS,DEB-CIS-disable_freevxfs,secure,secure,True,False,HIGH,External,2026-02-16,debian-cis
DEB-CIS-tftp_is_disabled,CIS,DEB-CIS-tftp_is_disabled,secure,secure,True,False,HIGH,External,2026-02-16,debian-cis
DEB-CIS-gnome_screensaver_idle_lock,CIS,DEB-CIS-gnome_screensaver_idle_lock,secure,secure,True,False,HIGH,External,2026-02-16,debian-cis
DEB-CIS-disable_automounting,CIS,DEB-CIS-disable_automounting,secure,secure,True,False,HIGH,External,2026-02-16,debian-cis
DEB-CIS-disable_x11_forwarding,CIS,DEB-CIS-disable_x11_forwarding,secure,secure,True,False,HIGH,External,2026-02-16,debian-cis
DEB-CIS-auditd_running_config_same_on_disk,CIS,DEB-CIS-auditd_running_config_same_on_disk,secure,secure,True,False,HIGH,External,2026-02-16,debian-cis
DEB-CIS-sshd_protocol,CIS,DEB-CIS-sshd_protocol,secure,secure,True,False,HIGH,External,2026-02-16,debian-cis
DEB-CIS-var_log_audit_partition,CIS,DEB-CIS-var_log_audit_partition,secure,secure,True,False,HIGH,External,2026-02-16,debian-cis
DEB-CIS-iptables_loopback,CIS,DEB-CIS-iptables_loopback,secure,secure,True,False,HIGH,External,2026-02-16,debian-cis
DEB-CIS-install_iptables,CIS,DEB-CIS-install_iptables,secure,secure,True,False,HIGH,External,2026-02-16,debian-cis
DEB-CIS-wireless_interfaces_disabled,CIS,DEB-CIS-wireless_interfaces_disabled,secure,secure,True,False,HIGH,External,2026-02-16,debian-cis
DEB-CIS-nftables_rules_permanent,CIS,DEB-CIS-nftables_rules_permanent,secure,secure,True,False,HIGH,External,2026-02-16,debian-cis
DEB-CIS-record_dac_edit,CIS,DEB-CIS-record_dac_edit,secure,secure,True,False,HIGH,External,2026-02-16,debian-cis
DEB-CIS-nftables_established_connections,CIS,DEB-CIS-nftables_established_connections,secure,secure,True,False,HIGH,External,2026-02-16,debian-cis
DEB-CIS-iptables_persistent_is_not_installed,CIS,DEB-CIS-iptables_persistent_is_not_installed,secure,secure,True,False,HIGH,External,2026-02-16,debian-cis
DEB-CIS-logfile_sudo,CIS,DEB-CIS-logfile_sudo,secure,secure,True,False,HIGH,External,2026-02-16,debian-cis
DEB-CIS-disable_rsh_client,CIS,DEB-CIS-disable_rsh_client,secure,secure,True,False,HIGH,External,2026-02-16,debian-cis
DEB-CIS-ip6tables_loopback,CIS,DEB-CIS-ip6tables_loopback,secure,secure,True,False,HIGH,External,2026-02-16,debian-cis
DEB-CIS-install_apparmor,CIS,DEB-CIS-install_apparmor,secure,secure,True,False,HIGH,External,2026-02-16,debian-cis
DEB-CIS-sanitize_root_path,CIS,DEB-CIS-sanitize_root_path,secure,secure,True,False,HIGH,External,2026-02-16,debian-cis
DEB-CIS-enable_bad_error_message_protection,CIS,DEB-CIS-enable_bad_error_message_protection,secure,secure,True,False,HIGH,External,2026-02-16,debian-cis
DEB-CIS-sshd_maxauthtries,CIS,DEB-CIS-sshd_maxauthtries,secure,secure,True,False,HIGH,External,2026-02-16,debian-cis
DEB-CIS-limit_ssh_max_sessions,CIS,DEB-CIS-limit_ssh_max_sessions,secure,secure,True,False,HIGH,External,2026-02-16,debian-cis
DEB-CIS-tmp_partition,CIS,DEB-CIS-tmp_partition,secure,secure,True,False,HIGH,External,2026-02-16,debian-cis
DEB-CIS-install_tripwire,CIS,DEB-CIS-install_tripwire,secure,secure,True,False,HIGH,External,2026-02-16,debian-cis
DEB-CIS-ipv6_is_enabled,CIS,DEB-CIS-ipv6_is_enabled,secure,secure,True,False,HIGH,External,2026-02-16,debian-cis
DEB-CIS-cron_d_perm_ownership,CIS,DEB-CIS-cron_d_perm_ownership,secure,secure,True,False,HIGH,External,2026-02-16,debian-cis
DEB-CIS-password_quality_enforced,CIS,DEB-CIS-password_quality_enforced,secure,secure,True,False,HIGH,External,2026-02-16,debian-cis
DEB-CIS-ufw_loopback_is_configured,CIS,DEB-CIS-ufw_loopback_is_configured,secure,secure,True,False,HIGH,External,2026-02-16,debian-cis
DEB-CIS-home_partition,CIS,DEB-CIS-home_partition,secure,secure,True,False,HIGH,External,2026-02-16,debian-cis
DEB-CIS-audit_log_user,CIS,DEB-CIS-audit_log_user,secure,secure,True,False,HIGH,External,2026-02-16,debian-cis
DEB-CIS-record_date_time_edit,CIS,DEB-CIS-record_date_time_edit,secure,secure,True,False,HIGH,External,2026-02-16,debian-cis
DEB-CIS-ssh_host_private_keys_perm_ownership,CIS,DEB-CIS-ssh_host_private_keys_perm_ownership,secure,secure,True,False,HIGH,External,2026-02-16,debian-cis
DEB-CIS-install_libpam_pwquality,CIS,DEB-CIS-install_libpam_pwquality,secure,secure,True,False,HIGH,External,2026-02-16,debian-cis
DEB-CIS-run_shm_nodev,CIS,DEB-CIS-run_shm_nodev,secure,secure,True,False,HIGH,External,2026-02-16,debian-cis
DEB-CIS-iptables_outbound_established,CIS,DEB-CIS-iptables_outbound_established,secure,secure,True,False,HIGH,External,2026-02-16,debian-cis
DEB-CIS-disable_nfs_rpc,CIS,DEB-CIS-disable_nfs_rpc,secure,secure,True,False,HIGH,External,2026-02-16,debian-cis
DEB-CIS-record_failed_access_file,CIS,DEB-CIS-record_failed_access_file,secure,secure,True,False,HIGH,External,2026-02-16,debian-cis
DEB-CIS-users_homedir_is_configured,CIS,DEB-CIS-users_homedir_is_configured,secure,secure,True,False,HIGH,External,2026-02-16,debian-cis
DEB-CIS-default_umask,CIS,DEB-CIS-default_umask,secure,secure,True,False,HIGH,External,2026-02-16,debian-cis
DEB-CIS-disable_sshd_setenv,CIS,DEB-CIS-disable_sshd_setenv,secure,secure,True,False,HIGH,External,2026-02-16,debian-cis
DEB-CIS-disable_ldap,CIS,DEB-CIS-disable_ldap,secure,secure,True,False,HIGH,External,2026-02-16,debian-cis
DEB-CIS-audit_tools_group,CIS,DEB-CIS-audit_tools_group,secure,secure,True,False,HIGH,External,2026-02-16,debian-cis
DEB-CIS-check_duplicate_groupname,CIS,DEB-CIS-check_duplicate_groupname,secure,secure,True,False,HIGH,External,2026-02-16,debian-cis
DEB-CIS-var_tmp_partition,CIS,DEB-CIS-var_tmp_partition,secure,secure,True,False,HIGH,External,2026-02-16,debian-cis
DEB-CIS-ip6tables_outbound_established,CIS,DEB-CIS-ip6tables_outbound_established,secure,secure,True,False,HIGH,External,2026-02-16,debian-cis
DEB-CIS-nftables_not_installed_with_iptables,CIS,DEB-CIS-nftables_not_installed_with_iptables,secure,secure,True,False,HIGH,External,2026-02-16,debian-cis
DEB-CIS-audit_log_storage,CIS,DEB-CIS-audit_log_storage,secure,secure,True,False,HIGH,External,2026-02-16,debian-cis
DEB-CIS-disable_sshd_hostbasedauthentication,CIS,DEB-CIS-disable_sshd_hostbasedauthentication,secure,secure,True,False,HIGH,External,2026-02-16,debian-cis
DEB-CIS-disable_usb_storage,CIS,DEB-CIS-disable_usb_storage,secure,secure,True,False,HIGH,External,2026-02-16,debian-cis
DEB-CIS-set_password_min_days_change,CIS,DEB-CIS-set_password_min_days_change,secure,secure,True,False,HIGH,External,2026-02-16,debian-cis
DEB-CIS-pam_unix_enabled,CIS,DEB-CIS-pam_unix_enabled,secure,secure,True,False,HIGH,External,2026-02-16,debian-cis
DEB-CIS-run_shm_noexec,CIS,DEB-CIS-run_shm_noexec,secure,secure,True,False,HIGH,External,2026-02-16,debian-cis
DEB-CIS-disable_tipc,CIS,DEB-CIS-disable_tipc,secure,secure,True,False,HIGH,External,2026-02-16,debian-cis
DEB-CIS-hosts_deny,CIS,DEB-CIS-hosts_deny,secure,secure,True,False,HIGH,External,2026-02-16,debian-cis
DEB-CIS-disable_dns_server,CIS,DEB-CIS-disable_dns_server,secure,secure,True,False,HIGH,External,2026-02-16,debian-cis
DEB-CIS-tmp_nosuid,CIS,DEB-CIS-tmp_nosuid,secure,secure,True,False,HIGH,External,2026-02-16,debian-cis
DEB-CIS-disable_icmp_redirect,CIS,DEB-CIS-disable_icmp_redirect,secure,secure,True,False,HIGH,External,2026-02-16,debian-cis
DEB-CIS-var_log_noexec,CIS,DEB-CIS-var_log_noexec,secure,secure,True,False,HIGH,External,2026-02-16,debian-cis
DEB-CIS-find_unowned_files,CIS,DEB-CIS-find_unowned_files,secure,secure,True,False,HIGH,External,2026-02-16,debian-cis
DEB-CIS-etc_shells_permissions,CIS,DEB-CIS-etc_shells_permissions,secure,secure,True,False,HIGH,External,2026-02-16,debian-cis
DEB-CIS-disable_ipv6,CIS,DEB-CIS-disable_ipv6,secure,secure,True,False,HIGH,External,2026-02-16,debian-cis
DEB-CIS-etc_passwd-_permissions,CIS,DEB-CIS-etc_passwd-_permissions,secure,secure,True,False,HIGH,External,2026-02-16,debian-cis
DEB-CIS-etc_passwd_permissions,CIS,DEB-CIS-etc_passwd_permissions,secure,secure,True,False,HIGH,External,2026-02-16,debian-cis
DEB-CIS-net_fw_default_policy_drop,CIS,DEB-CIS-net_fw_default_policy_drop,secure,secure,True,False,HIGH,External,2026-02-16,debian-cis
DEB-CIS-disable_prelink,CIS,DEB-CIS-disable_prelink,secure,secure,True,False,HIGH,External,2026-02-16,debian-cis
DEB-CIS-sshd_conf_perm_ownership,CIS,DEB-CIS-sshd_conf_perm_ownership,secure,secure,True,False,HIGH,External,2026-02-16,debian-cis
DEB-CIS-configure_chrony,CIS,DEB-CIS-configure_chrony,secure,secure,True,False,HIGH,External,2026-02-16,debian-cis
DEB-CIS-journald_is_enabled,CIS,DEB-CIS-journald_is_enabled,secure,secure,True,False,HIGH,External,2026-02-16,debian-cis
DEB-CIS-disable_dhcp,CIS,DEB-CIS-disable_dhcp,secure,secure,True,False,HIGH,External,2026-02-16,debian-cis
DEB-CIS-find_suid_and_sgid_files,CIS,DEB-CIS-find_suid_and_sgid_files,secure,secure,True,False,HIGH,External,2026-02-16,debian-cis
DEB-CIS-sshd_limit_access,CIS,DEB-CIS-sshd_limit_access,secure,secure,True,False,HIGH,External,2026-02-16,debian-cis
DEB-CIS-check_user_dir_perm,CIS,DEB-CIS-check_user_dir_perm,secure,secure,True,False,HIGH,External,2026-02-16,debian-cis
DEB-CIS-disable_dccp,CIS,DEB-CIS-disable_dccp,secure,secure,True,False,HIGH,External,2026-02-16,debian-cis
DEB-CIS-ssh_keys_from,CIS,DEB-CIS-ssh_keys_from,secure,secure,True,False,HIGH,External,2026-02-16,debian-cis
DEB-CIS-freeze_auditd_conf,CIS,DEB-CIS-freeze_auditd_conf,secure,secure,True,False,HIGH,External,2026-02-16,debian-cis
DEB-CIS-var_log_nodev,CIS,DEB-CIS-var_log_nodev,secure,secure,True,False,HIGH,External,2026-02-16,debian-cis
DEB-CIS-configure_systemd-timesyncd,CIS,DEB-CIS-configure_systemd-timesyncd,secure,secure,True,False,HIGH,External,2026-02-16,debian-cis
DEB-CIS-audit_conf_group,CIS,DEB-CIS-audit_conf_group,secure,secure,True,False,HIGH,External,2026-02-16,debian-cis
DEB-CIS-disable_apport,CIS,DEB-CIS-disable_apport,secure,secure,True,False,HIGH,External,2026-02-16,debian-cis
DEB-CIS-var_log_nosuid,CIS,DEB-CIS-var_log_nosuid,secure,secure,True,False,HIGH,External,2026-02-16,debian-cis
DEB-CIS-systemd_journal_upload_remote_auth,CIS,DEB-CIS-systemd_journal_upload_remote_auth,secure,secure,True,False,HIGH,External,2026-02-16,debian-cis
DEB-CIS-ufw_not_installed_with_nftables,CIS,DEB-CIS-ufw_not_installed_with_nftables,secure,secure,True,False,HIGH,External,2026-02-16,debian-cis
DEB-CIS-ufw_is_installed,CIS,DEB-CIS-ufw_is_installed,secure,secure,True,False,HIGH,External,2026-02-16,debian-cis
DEB-CIS-apt_gpg_is_configured,CIS,DEB-CIS-apt_gpg_is_configured,secure,secure,True,False,HIGH,External,2026-02-16,debian-cis
DEB-CIS-systemd_timesyncd_is_enabled_and_running,CIS,DEB-CIS-systemd_timesyncd_is_enabled_and_running,secure,secure,True,False,HIGH,External,2026-02-16,debian-cis
DEB-CIS-disable_sctp,CIS,DEB-CIS-disable_sctp,secure,secure,True,False,HIGH,External,2026-02-16,debian-cis
DEB-CIS-hosts_allow_permissions,CIS,DEB-CIS-hosts_allow_permissions,secure,secure,True,False,HIGH,External,2026-02-16,debian-cis
DEB-CIS-audit_bootloader,CIS,DEB-CIS-audit_bootloader,secure,secure,True,False,HIGH,External,2026-02-16,debian-cis
DEB-CIS-record_user_group_edit,CIS,DEB-CIS-record_user_group_edit,secure,secure,True,False,HIGH,External,2026-02-16,debian-cis
DEB-CIS-audit_backlog_limit,CIS,DEB-CIS-audit_backlog_limit,secure,secure,True,False,HIGH,External,2026-02-16,debian-cis
DEB-CIS-audit_log_group,CIS,DEB-CIS-audit_log_group,secure,secure,True,False,HIGH,External,2026-02-16,debian-cis
DEB-CIS-journald_write_persistent,CIS,DEB-CIS-journald_write_persistent,secure,secure,True,False,HIGH,External,2026-02-16,debian-cis
DEB-CIS-record_network_edit,CIS,DEB-CIS-record_network_edit,secure,secure,True,False,HIGH,External,2026-02-16,debian-cis
DEB-CIS-var_log_audit_noexec,CIS,DEB-CIS-var_log_audit_noexec,secure,secure,True,False,HIGH,External,2026-02-16,debian-cis
DEB-CIS-var_log_audit_nodev,CIS,DEB-CIS-var_log_audit_nodev,secure,secure,True,False,HIGH,External,2026-02-16,debian-cis
DEB-CIS-check_user_dot_file_perm,CIS,DEB-CIS-check_user_dot_file_perm,secure,secure,True,False,HIGH,External,2026-02-16,debian-cis
DEB-CIS-nologin_abent_from_etc_shells,CIS,DEB-CIS-nologin_abent_from_etc_shells,secure,secure,True,False,HIGH,External,2026-02-16,debian-cis
DEB-CIS-find_world_writable_file,CIS,DEB-CIS-find_world_writable_file,secure,secure,True,False,HIGH,External,2026-02-16,debian-cis
DEB-CIS-disable_secure_icmp_redirect,CIS,DEB-CIS-disable_secure_icmp_redirect,secure,secure,True,False,HIGH,External,2026-02-16,debian-cis
DEB-CIS-install_sudo,CIS,DEB-CIS-install_sudo,secure,secure,True,False,HIGH,External,2026-02-16,debian-cis
DEB-CIS-nftables_default_deny_policy,CIS,DEB-CIS-nftables_default_deny_policy,secure,secure,True,False,HIGH,External,2026-02-16,debian-cis
DEB-CIS-configure_logrotate,CIS,DEB-CIS-configure_logrotate,secure,secure,True,False,HIGH,External,2026-02-16,debian-cis
DEB-CIS-disable_source_routed_packets,CIS,DEB-CIS-disable_source_routed_packets,secure,secure,True,False,HIGH,External,2026-02-16,debian-cis
DEB-CIS-default_root_group,CIS,DEB-CIS-default_root_group,secure,secure,True,False,HIGH,External,2026-02-16,debian-cis
DEB-CIS-dnsmasq_is_disabled,CIS,DEB-CIS-dnsmasq_is_disabled,secure,secure,True,False,HIGH,External,2026-02-16,debian-cis
DEB-CIS-acc_pam_sha512,CIS,DEB-CIS-acc_pam_sha512,secure,secure,True,False,HIGH,External,2026-02-16,debian-cis
DEB-CIS-disable_root_login,CIS,DEB-CIS-disable_root_login,secure,secure,True,False,HIGH,External,2026-02-16,debian-cis
DEB-CIS-log_martian_packets,CIS,DEB-CIS-log_martian_packets,secure,secure,True,False,HIGH,External,2026-02-16,debian-cis
DEB-CIS-enable_apparmor,CIS,DEB-CIS-enable_apparmor,secure,secure,True,False,HIGH,External,2026-02-16,debian-cis
DEB-CIS-ufw_is_enabled,CIS,DEB-CIS-ufw_is_enabled,secure,secure,True,False,HIGH,External,2026-02-16,debian-cis
DEB-CIS-disable_rsync,CIS,DEB-CIS-disable_rsync,secure,secure,True,False,HIGH,External,2026-02-16,debian-cis
DEB-CIS-remove_os_info_motd,CIS,DEB-CIS-remove_os_info_motd,secure,secure,True,False,HIGH,External,2026-02-16,debian-cis
DEB-CIS-removable_device_nosuid,CIS,DEB-CIS-removable_device_nosuid,secure,secure,True,False,HIGH,External,2026-02-16,debian-cis
DEB-CIS-record_session_init,CIS,DEB-CIS-record_session_init,secure,secure,True,False,HIGH,External,2026-02-16,debian-cis
DEB-CIS-find_ungrouped_files,CIS,DEB-CIS-find_ungrouped_files,secure,secure,True,False,HIGH,External,2026-02-16,debian-cis
DEB-CIS-record_file_deletions,CIS,DEB-CIS-record_file_deletions,secure,secure,True,False,HIGH,External,2026-02-16,debian-cis
DEB-CIS-removable_device_noexec,CIS,DEB-CIS-removable_device_noexec,secure,secure,True,False,HIGH,External,2026-02-16,debian-cis
DEB-CIS-dev_shm_separate_partition,CIS,DEB-CIS-dev_shm_separate_partition,secure,secure,True,False,HIGH,External,2026-02-16,debian-cis
DEB-CIS-disable_telnet_client,CIS,DEB-CIS-disable_telnet_client,secure,secure,True,False,HIGH,External,2026-02-16,debian-cis
DEB-CIS-var_tmp_nodev,CIS,DEB-CIS-var_tmp_nodev,secure,secure,True,False,HIGH,External,2026-02-16,debian-cis
DEB-CIS-set_password_exp_warning_days,CIS,DEB-CIS-set_password_exp_warning_days,secure,secure,True,False,HIGH,External,2026-02-16,debian-cis
DEB-CIS-password_failed_lockout,CIS,DEB-CIS-password_failed_lockout,secure,secure,True,False,HIGH,External,2026-02-16,debian-cis
DEB-CIS-sudo_re_authenticate,CIS,DEB-CIS-sudo_re_authenticate,secure,secure,True,False,HIGH,External,2026-02-16,debian-cis
DEB-CIS-check_distribution,CIS,DEB-CIS-check_distribution,secure,secure,True,False,HIGH,External,2026-02-16,debian-cis
DEB-CIS-record_kernel_modules,CIS,DEB-CIS-record_kernel_modules,secure,secure,True,False,HIGH,External,2026-02-16,debian-cis
DEB-CIS-enforcing_apparmor,CIS,DEB-CIS-enforcing_apparmor,secure,secure,True,False,HIGH,External,2026-02-16,debian-cis
DEB-CIS-cron_users,CIS,DEB-CIS-cron_users,secure,secure,True,False,HIGH,External,2026-02-16,debian-cis
DEB-CIS-audit_tools_perms,CIS,DEB-CIS-audit_tools_perms,secure,secure,True,False,HIGH,External,2026-02-16,debian-cis
DEB-CIS-users_homedir_ownership,CIS,DEB-CIS-users_homedir_ownership,secure,secure,True,False,HIGH,External,2026-02-16,debian-cis
DEB-CIS-systemd_journal_upload_is_enabled,CIS,DEB-CIS-systemd_journal_upload_is_enabled,secure,secure,True,False,HIGH,External,2026-02-16,debian-cis
DEB-CIS-find_suid_files,CIS,DEB-CIS-find_suid_files,secure,secure,True,False,HIGH,External,2026-02-16,debian-cis
DEB-CIS-syslog-ng_remote_host,CIS,DEB-CIS-syslog-ng_remote_host,secure,secure,True,False,HIGH,External,2026-02-16,debian-cis
DEB-CIS-ssh_sys_accept_env,CIS,DEB-CIS-ssh_sys_accept_env,secure,secure,True,False,HIGH,External,2026-02-16,debian-cis
DEB-CIS-ssh_auth_pubk_only,CIS,DEB-CIS-ssh_auth_pubk_only,secure,secure,True,False,HIGH,External,2026-02-16,debian-cis
DEB-CIS-disable_sshd_permitemptypasswords,CIS,DEB-CIS-disable_sshd_permitemptypasswords,secure,secure,True,False,HIGH,External,2026-02-16,debian-cis
DEB-CIS-network_services_listening,CIS,DEB-CIS-network_services_listening,secure,secure,True,False,HIGH,External,2026-02-16,debian-cis
DEB-CIS-root_password,CIS,DEB-CIS-root_password,secure,secure,True,False,HIGH,External,2026-02-16,debian-cis
DEB-CIS-enable_auditd,CIS,DEB-CIS-enable_auditd,secure,secure,True,False,HIGH,External,2026-02-16,debian-cis
DEB-CIS-disable_samba,CIS,DEB-CIS-disable_samba,secure,secure,True,False,HIGH,External,2026-02-16,debian-cis
DEB-CIS-graphical_warning_banners,CIS,DEB-CIS-graphical_warning_banners,secure,secure,True,False,HIGH,External,2026-02-16,debian-cis
DEB-CIS-var_tmp_nosuid,CIS,DEB-CIS-var_tmp_nosuid,secure,secure,True,False,HIGH,External,2026-02-16,debian-cis
DEB-CIS-disable_http_server,CIS,DEB-CIS-disable_http_server,secure,secure,True,False,HIGH,External,2026-02-16,debian-cis
DEB-CIS-disable_udf,CIS,DEB-CIS-disable_udf,secure,secure,True,False,HIGH,External,2026-02-16,debian-cis
DEB-CIS-enforce_or_complain_apparmor,CIS,DEB-CIS-enforce_or_complain_apparmor,secure,secure,True,False,HIGH,External,2026-02-16,debian-cis
DEB-CIS-aide_is_installed,CIS,DEB-CIS-aide_is_installed,secure,secure,True,False,HIGH,External,2026-02-16,debian-cis
DEB-CIS-etc_shadow_fields_not_empty,CIS,DEB-CIS-etc_shadow_fields_not_empty,secure,secure,True,False,HIGH,External,2026-02-16,debian-cis
DEB-CIS-password_number_changed_chars,CIS,DEB-CIS-password_number_changed_chars,secure,secure,True,False,HIGH,External,2026-02-16,debian-cis
DEB-CIS-sudo_no_nopasswd,CIS,DEB-CIS-sudo_no_nopasswd,secure,secure,True,False,HIGH,External,2026-02-16,debian-cis
DEB-CIS-shadow_group_empty,CIS,DEB-CIS-shadow_group_empty,secure,secure,True,False,HIGH,External,2026-02-16,debian-cis
DEB-CIS-configure_syslog-ng,CIS,DEB-CIS-configure_syslog-ng,secure,secure,True,False,HIGH,External,2026-02-16,debian-cis
DEB-CIS-disable_send_packet_redirects,CIS,DEB-CIS-disable_send_packet_redirects,secure,secure,True,False,HIGH,External,2026-02-16,debian-cis
DEB-CIS-enable_nx_support,CIS,DEB-CIS-enable_nx_support,secure,secure,True,False,HIGH,External,2026-02-16,debian-cis
DEB-CIS-disable_avahi_server,CIS,DEB-CIS-disable_avahi_server,secure,secure,True,False,HIGH,External,2026-02-16,debian-cis
DEB-CIS-restrict_fat,CIS,DEB-CIS-restrict_fat,secure,secure,True,False,HIGH,External,2026-02-16,debian-cis
DEB-CIS-cron_hourly_perm_ownership,CIS,DEB-CIS-cron_hourly_perm_ownership,secure,secure,True,False,HIGH,External,2026-02-16,debian-cis
DEB-CIS-pam_faillock_enabled,CIS,DEB-CIS-pam_faillock_enabled,secure,secure,True,False,HIGH,External,2026-02-16,debian-cis
DEB-CIS-disable_hfsplus,CIS,DEB-CIS-disable_hfsplus,secure,secure,True,False,HIGH,External,2026-02-16,debian-cis
DEB-CIS-chrony_is_enabled_and_running,CIS,DEB-CIS-chrony_is_enabled_and_running,secure,secure,True,False,HIGH,External,2026-02-16,debian-cis
DEB-CIS-journald_log_rotation,CIS,DEB-CIS-journald_log_rotation,secure,secure,True,False,HIGH,External,2026-02-16,debian-cis
DEB-CIS-set_password_exp_days,CIS,DEB-CIS-set_password_exp_days,secure,secure,True,False,HIGH,External,2026-02-16,debian-cis
DEB-CIS-disable_hfs,CIS,DEB-CIS-disable_hfs,secure,secure,True,False,HIGH,External,2026-02-16,debian-cis
DEB-CIS-audit_log_directory_perms,CIS,DEB-CIS-audit_log_directory_perms,secure,secure,True,False,HIGH,External,2026-02-16,debian-cis
DEB-CIS-journald_compress,CIS,DEB-CIS-journald_compress,secure,secure,True,False,HIGH,External,2026-02-16,debian-cis
DEB-CIS-uninstall_nis,CIS,DEB-CIS-uninstall_nis,secure,secure,True,False,HIGH,External,2026-02-16,debian-cis
DEB-CIS-halt_when_audit_log_full,CIS,DEB-CIS-halt_when_audit_log_full,secure,secure,True,False,HIGH,External,2026-02-16,debian-cis
DEB-CIS-password_max_sequential_characters,CIS,DEB-CIS-password_max_sequential_characters,secure,secure,True,False,HIGH,External,2026-02-16,debian-cis
DEB-CIS-var_nodev,CIS,DEB-CIS-var_nodev,secure,secure,True,False,HIGH,External,2026-02-16,debian-cis
DEB-CIS-ssh_cry_mac,CIS,DEB-CIS-ssh_cry_mac,secure,secure,True,False,HIGH,External,2026-02-16,debian-cis
DEB-CIS-record_mac_edit,CIS,DEB-CIS-record_mac_edit,secure,secure,True,False,HIGH,External,2026-02-16,debian-cis
DEB-CIS-install_auditd,CIS,DEB-CIS-install_auditd,secure,secure,True,False,HIGH,External,2026-02-16,debian-cis
DEB-CIS-iptables_flushed_with_nftables,CIS,DEB-CIS-iptables_flushed_with_nftables,secure,secure,True,False,HIGH,External,2026-02-16,debian-cis
DEB-CIS-enable_pwquality,CIS,DEB-CIS-enable_pwquality,secure,secure,True,False,HIGH,External,2026-02-16,debian-cis
DEB-CIS-ssh_banner,CIS,DEB-CIS-ssh_banner,secure,secure,True,False,HIGH,External,2026-02-16,debian-cis
DEB-CIS-secure_tty,CIS,DEB-CIS-secure_tty,secure,secure,True,False,HIGH,External,2026-02-16,debian-cis
DEB-CIS-disable_talk_client,CIS,DEB-CIS-disable_talk_client,secure,secure,True,False,HIGH,External,2026-02-16,debian-cis
DEB-CIS-etc_issue_net_perms,CIS,DEB-CIS-etc_issue_net_perms,secure,secure,True,False,HIGH,External,2026-02-16,debian-cis
DEB-CIS-nftables_is_enabled,CIS,DEB-CIS-nftables_is_enabled,secure,secure,True,False,HIGH,External,2026-02-16,debian-cis
DEB-CIS-enable_firewall,CIS,DEB-CIS-enable_firewall,secure,secure,True,False,HIGH,External,2026-02-16,debian-cis
DEB-CIS-var_log_audit_nosuid,CIS,DEB-CIS-var_log_audit_nosuid,secure,secure,True,False,HIGH,External,2026-02-16,debian-cis
DEB-CIS-remote_syslog-ng_acl,CIS,DEB-CIS-remote_syslog-ng_acl,secure,secure,True,False,HIGH,External,2026-02-16,debian-cis
DEB-CIS-keep_all_audit_logs,CIS,DEB-CIS-keep_all_audit_logs,secure,secure,True,False,HIGH,External,2026-02-16,debian-cis
DEB-CIS-ip6tables_rules_them_all,CIS,DEB-CIS-ip6tables_rules_them_all,secure,secure,True,False,HIGH,External,2026-02-16,debian-cis
DEB-CIS-acc_shadow_sha512,CIS,DEB-CIS-acc_shadow_sha512,secure,secure,True,False,HIGH,External,2026-02-16,debian-cis
DEB-CIS-disable_nis,CIS,DEB-CIS-disable_nis,secure,secure,True,False,HIGH,External,2026-02-16,debian-cis
DEB-CIS-at_is_restricted,CIS,DEB-CIS-at_is_restricted,secure,secure,True,False,HIGH,External,2026-02-16,debian-cis
DEB-CIS-etc_group_permissions,CIS,DEB-CIS-etc_group_permissions,secure,secure,True,False,HIGH,External,2026-02-16,debian-cis
DEB-CIS-find_sgid_files,CIS,DEB-CIS-find_sgid_files,secure,secure,True,False,HIGH,External,2026-02-16,debian-cis
DEB-CIS-configure_ntp,CIS,DEB-CIS-configure_ntp,secure,secure,True,False,HIGH,External,2026-02-16,debian-cis
DEB-CIS-disable_ipv6_router_advertisement,CIS,DEB-CIS-disable_ipv6_router_advertisement,secure,secure,True,False,HIGH,External,2026-02-16,debian-cis
DEB-CIS-enable_ssh_pam,CIS,DEB-CIS-enable_ssh_pam,secure,secure,True,False,HIGH,External,2026-02-16,debian-cis
DEB-CIS-var_partition,CIS,DEB-CIS-var_partition,secure,secure,True,False,HIGH,External,2026-02-16,debian-cis
DEB-CIS-disable_wireless,CIS,DEB-CIS-disable_wireless,secure,secure,True,False,HIGH,External,2026-02-16,debian-cis
DEB-CIS-chrony_with_chrony_user,CIS,DEB-CIS-chrony_with_chrony_user,secure,secure,True,False,HIGH,External,2026-02-16,debian-cis
DEB-CIS-install_nftables,CIS,DEB-CIS-install_nftables,secure,secure,True,False,HIGH,External,2026-02-16,debian-cis
DEB-CIS-enable_tcp_syn_cookies,CIS,DEB-CIS-enable_tcp_syn_cookies,secure,secure,True,False,HIGH,External,2026-02-16,debian-cis
DEB-CIS-disable_ftp,CIS,DEB-CIS-disable_ftp,secure,secure,True,False,HIGH,External,2026-02-16,debian-cis
DEB-CIS-pty_sudo,CIS,DEB-CIS-pty_sudo,secure,secure,True,False,HIGH,External,2026-02-16,debian-cis
DEB-CIS-ignore_broadcast_requests,CIS,DEB-CIS-ignore_broadcast_requests,secure,secure,True,False,HIGH,External,2026-02-16,debian-cis
DEB-CIS-var_log_partition,CIS,DEB-CIS-var_log_partition,secure,secure,True,False,HIGH,External,2026-02-16,debian-cis
DEB-CIS-auditd_logs_full_halt,CIS,DEB-CIS-auditd_logs_full_halt,secure,secure,True,False,HIGH,External,2026-02-16,debian-cis
DEB-CIS-disable_bsd_inetd,CIS,DEB-CIS-disable_bsd_inetd,secure,secure,True,False,HIGH,External,2026-02-16,debian-cis
DEB-CIS-record_sudoers_edit,CIS,DEB-CIS-record_sudoers_edit,secure,secure,True,False,HIGH,External,2026-02-16,debian-cis
DEB-CIS-configure_ssh_max_startups,CIS,DEB-CIS-configure_ssh_max_startups,secure,secure,True,False,HIGH,External,2026-02-16,debian-cis
DEB-CIS-etc_group-_permissions,CIS,DEB-CIS-etc_group-_permissions,secure,secure,True,False,HIGH,External,2026-02-16,debian-cis
DEB-CIS-enable_libpam_pwquality,CIS,DEB-CIS-enable_libpam_pwquality,secure,secure,True,False,HIGH,External,2026-02-16,debian-cis
DEB-CIS-password_complexity,CIS,DEB-CIS-password_complexity,secure,secure,True,False,HIGH,External,2026-02-16,debian-cis
DEB-CIS-remove_os_info_issue_net,CIS,DEB-CIS-remove_os_info_issue_net,secure,secure,True,False,HIGH,External,2026-02-16,debian-cis
NSL-KDD-REF,NETWORK,NSL-KDD-REF,secure,secure,True,False,MEDIUM,External,2026-02-16,nsl-kdd
